Name		Grade	Moons	Type	ATK	HP	Card Type	Skill/Effect
Warlock		X	0	Demon/Deity	4000	8000	Ritual	(Wire 4) Once per turn, you may pay 3 moons to activate one of these effects: "Negate any card's effect for the duration of the turn, and if it is not a Monster, destroy it.", "Destroy 1 monster and negate all destruction effects or grave effects until this effect resolves". When this card is sent to the grave, this card is shuffled into the deck, any banished copies of "Red, God of Wrath", "Alkali, God of Gluttony", "Avarice, God of Greed", "Odia, God of Envy", "Atrifus, God of Sloth", "Consupi, God of Lust", and "Haught, God of Pride" are sent to the grave, and any copies of "The Sinful" are shuffled into the deck.
Amazoness		X	0	Deity	3500	7900	Fusion	(FM: ("Hell's Knight", "Hell's Rook", "Hell's Bishop") or ("Heaven's Knight", "Heaven's Rook", "Heaven's Bishop")) If any monster on this card's row, column, or 2 zone vincinity is destroyed by battle, this card can sacrifice itself to destroy the attacker. If it is sent to the grave by this effect, you may revive it next turn. You can pay 2 moons; this card can deal overshoot damage equal to this card's ATK - the defending monster's ATK rather than dealing damage to the defending monster.
Dowager Kris - Future Century		X	0	Magic/Deity	2500	8000	Fusion	(FM: "Empress Kris - Present Day") This card can attack twice. If this card is destroyed, you can revive it, but its effects are negated.
House Payment		X	11	Trap	N/A	N/A	Cantrip	Choose a grade. If the grade chosen is below Grade-A, summon 2 monsters Grade-B or below from your deck or hand, ignoring moon costs or summoning conditions. Else, summon 1 monster Grade-A or above (excluding Grade-X) from your deck or hand, ignoring moon costs or summoning conditions.
Cheat Dragon		X	0	Trap/Deity	3700	6200	Fusion	(FM: "Faketrip", 1 "Gandorah" monster, 1 "Kaiju" monster) Once per turn, after the Draw Phase, roll 1d6, and choose an effect for the turn depending on the result. 1: "If you would pay an amount of moons, you can choose to pay part or all of the amount with 800LP per moon instead." 2: "Ritual Monster summons are Wire 0." 3: "Sacrifice Monsters are treated as Normal Monsters, and their cost is tripled." 4: "Your opponent loses 5000LP." 5: "Fusion and Ritual Monsters are treated as Normal Monsters except Grade-X monsters, and their cost becomes their grade value + 2. (F = 1, D = 2, C = 3, etc.)" 6: "Your opponent can only play the leftmost or rightmost card in their hand. They cannot reorder their hand. Any card drawn on this turn by your opponent will go on the leftmost side of their hand, in the order drawn, and any card discarded will discard from the rightmost side of their hand, regardless of whether or not the discard would be random."
Red, God of Wrath		SS	8	Demon/Deity	3500	5000	Monster	Once per turn, you can spend 4 moons for this monster to attack again.
Alkali, God of Gluttony		SS	8	Earth/Deity	1000	5000	Monster	If a monster is destroyed, this card can gain half its ATK rounded up.
Avarice, God of Greed		SS	8	Air/Deity	3000	4600	Monster	Gain 1 moon for every monster destroyed.
Odia, God of Envy		SS	8	Water / Deity	3000	6000	Monster	When this monster is summoned, it gains one Envy Counter. Once per turn, you may pay 3 moons to add one to the Envy Counter, or subtract 2 from the Envy Counter to take control of an opponent's monster until Odia leaves the field.
Atrifus, God of Sloth		SS	8	Ice/Deity	2600	4600	Monster	Every monster can only attack once every other turn.
Consupi, God of Lust		SS	8	Water/Deity	2000	6000	Monster	Select 1 card on the field. This card gains that card's effect as its effect until this card is destroyed. If the card chosen is an Assist, Cantrip, or Trap, the corresponding moon cost is applied to the effect, and this card can only use that effect once per turn.
Haught, God of Pride		SS	8	Dark/Deity	4000	4000	Monster	Unaffected by Assist effects. Any "Red, God of Wrath", "Alkali, God of Gluttony", "Avarice, God of Greed", "Odia, God of Envy", "Atrifus, God of Sloth", "Consupi, God of Lust", and "Haught, God of Pride" you control cannot be targeted.
Solar Flare Knight - Beginning of Time		S	3	Fire/Deity	3600	5000	Sacrifice	Once per turn, you can sacrifice this card to destroy up to 6 moons' worth of cards. If sent to the Grave by this effect, you may revive this card in 3 turns. Any HP lost by this card does not regenerate if this card is revived by its effect.
Empress Kris - Present Day		S	3	Magic/Deity	2000	6000	Sacrifice	This card can attack twice.
Saigon Dragon - End of Time		S	3	Water/Deity	2300	5000	Sacrifice	When this monster is destroyed, destroy all monsters and all cards in both hands. Then, shuffle the Grave into the Deck, and both players draw 5 cards.
Rewind Sorcerer - Manipulator of Time		S	3	Magic	2400	3200	Sacrifice	Once per turn, you may pay 5 moons to undo the current turn, or pay 6 moons to skip both players' turns after the End Phase. Each time you activate this effect, this card loses 800HP. The moons and HP paid by this effect do not regenerate if the turn is undone.
Force - Embodiment of Time		S	3	Deity	0	0	Sacrifice	This monster's summon is Unrespondable, and it cannot be destroyed by battle. This card takes no overshoot damage from battles involving it. (Wire 3) Once per turn, you can sacrifice this card to negate and bounce any card played this turn, and refund its Moon cost to the controller (and add +2 if it was an opponent's card, -2 if it was your card.). If the card is destroyed due to this effect, you may revive this card next turn.
Sacreil - God of Time		S	3	Deity	0	10000	Sacrifice	(Wire 4) Once per turn, you can pay 6 moons to add 1 to a Time counter, or subtract 2 from the Time counter to skip your opponent's turn.
Chronomyle - Outside of Time		S	3	Deity	0	10000	Sacrifice	(Wire 4) Once per turn, you can pay 5 moons and change the Wire of one card for the turn.
The Sinful		S	4	Ritual	N/A	N/A	Assist	You can summon "Warlock" from your hand by banishing "Red, God of Wrath", "Alkali, God of Gluttony", "Avarice, God of Greed", "Odia, God of Envy", "Atrifus, God of Sloth", "Consupi, God of Lust", and "Haught, God of Pride" from the grave.
Herowatasube		S	0	Ice	3700	6500	Fusion	(FM: 2 Grade-B or above Ice monsters) This monster is immune to the effects and damage of other Ice monsters. This monster is affected by the effects of Earth monsters regardless of negation, and when attacked by an Earth monster, this card takes 700 damage in addition to battle damage.
Dagora		A	6	Water	2600	3500	Monster	(Wire 2) You may pay 2 moons for this card to be immune to one attack.
{{BLACK2psFULL}}		A	5	Tech	2300	3300	Monster	(Wire 3) You may discard 1 card and sacrifice this monster to destroy 1 card.
Locator Dragon		A	2	Tech	2000	3600	Sacrifice	Once per turn, you can pick any filled zone on the field. Destroy the card in that zone and the card in your opponent's corresponding zone if there is any, then lock both zones until the next turn ends.
Assault Dragon		A	2	Tech	1600	3000	Sacrifice	This card can attack any amount of times for 2 moons each attack after the first.
Decline Dragon		A	2	Tech	1800	3300	Sacrifice	Takes half damage. If this card is destroyed by battle, tutor any Grade-C or below Cantrip.
Soulsphere		A	2	Cantrip	N/A	N/A	Cantrip	Remove from play any one card in any grave.
Wedding Bells		A	4	Multi-Turn	N/A	N/A	Assist	Select 1 monster on the field. Your opponent selects 1 monster on the field. If either monster is destroyed, destroy the other monster. This card stays on the field until its effect is fulfilled.
Wedding Dragon		A	0	Seraphim	2900	5900	Fusion	(FM: "Wedding Bells", 1 "Dragon" Monster) Once per turn, you can pay 6 moons to activate one of these effects: "Select 1 monster on the field. Your opponent selects 1 monster on the field. If either monster is destroyed, destroy the other monster. This card cannot be selected via this effect.", "Sacrifice this card to destroy one of your own cards. If this card was sent to the grave by this effect, revive it next turn.", "Gain 6 moons, then remove this card from play to remove any other card on the field from play."
Fake Magic		F	1	Instant	N/A	N/A	Assist	Discard 4 cards and destroy 1 card on the field.
Hell's Pawn		D	1	Demon	200	1200	Monster	If this card is still on the field after 5 turns since its summon, sacrifice it and summon any one of "Hell's Queen", "Hell's Knight", "Hell's Bishop", or "Hell's Rook". If any monster to the northeast or northwest of this card is destroyed by battle, this card can sacrifice itself and send one card from your hand to the grave to destroy the attacker.
Hell's Knight		B	5	Demon	1800	2900	Monster	If any monster that is exactly 2 zones away fron this card in any cardinal direction is destroyed by battle, this card can sacrifice itself to destroy the attacker. Once per turn, this card can move 2 zones in any cardinal direction. If it lands on an opponent's zone, give control of this card to your opponent.
Hell's Rook		A	7	Demon	2300	3000	Monster	If any monster on this card's row or column is destroyed by battle, this card can sacrifice itself to destroy the attacker. Once per turn, this card can move to any zone on its column or row, If it lands on an opponent's zone, give control of this card to your opponent.
Hell's Bishop		B	6	Demon	1800	2700	Monster	If any monster on this card's diagonal is destroyed by battle, this card can sacrifice itself to destroy the attacker. Once per turn, this card can move to any zone on its diagonal. If it lands on an opponent's zone, give control of this card to your opponent.
Hell's Queen		S	8	Demon	2900	3500	Monster	If any monster on this card's row, column, or diagonal is destroyed by battle, this card can sacrifice itself to destroy the attacker. Once per turn, this card can move to any zone on its diagonal, column, or row. If it lands on an opponent's zone, give control of this card to your opponent.
Hell's King		SS	9	Demon	0	0	Monster	This card's summon is Unrespondable. Cannot be destroyed by battle, and any overshoot damage involving this card is set to 0. If this card leaves the field due to an opponent's effect, discard 4 cards from your hand. Any "Hell's Pawn", "Hell's Knight", "Hell's Rook", "Hell's Bishop", and "Hell's Queen" on your side of the field gain 700 ATK. Once per turn, this card can move 1 zone in any direction. If it lands on an opponent's zone, give control of this card to your opponent.
Heaven's Pawn		D	1	Seraphim	0	2500	Monster	If this card is still on the field after 5 turns since its summon, sacrifice it and summon any one of "Heaven's Queen", "Heaven's Knight", "Heaven's Bishop", or "Heaven's Rook". If any monster to the northeast or northwest of this card is destroyed by battle, this card can sacrifice itself and send one card from your hand to the grave to destroy the attacker.
Heaven's Knight		B	6	Seraphim	0	3500	Monster	If any monster that is exactly 2 zones away fron this card in any cardinal direction is destroyed by battle, you can discard 2 cards to destroy the attacker and this card can reposition itself to that zone. Once per turn, this card can move 2 zones in any cardinal direction. If it lands on an opponent's zone, give control of this card to your opponent. You can destroy this card and another card you control to destroy an opponent's card.
Heaven's Rook		A	7	Seraphim	3500	4500	Monster	If any monster on this card's row or column is destroyed by battle, you can discard 2 cards to destroy the attacker and this card can reposition itself to that zone. Once per turn, this card can move to any zone on its column or row, If it lands on an opponent's zone, give control of this card to your opponent. You can destroy every card on this column or row, including this one, and give your opponent 1 moon for each card they control Grade C and below destroyed, and 2 moons for every Grade B and above destroyed, - 1.
Heaven's Bishop		A	7	Seraphim	0	4000	Monster	If any monster on this card's diagonal is destroyed by battle, you can discard 2 cards to destroy the attacker and this card can reposition itself to that zone. Once per turn, this card can move to any zone on its diagonal. If it lands on an opponent's zone, give control of this card to your opponent. While this card is on the field, other "Heaven's Queen", "Heaven's Knight", "Heaven's Bishop", or "Heaven's Rook" you control cannot be controlled by others. If a monster you control is on an opponent's zone, give one zone to your opponent until that monster is on one of your zones. If an opponent's monster is on a zone when that zone becomes yours as a result of this card, destroy that monster.
Heaven's Queen		S	8	Seraphim	0	5000	Monster	If any monster on this card's row, column, or diagonal is destroyed by battle, you can discard 2 cards to destroy the attacker and this card can reposition itself to that zone. Once per turn, this card can move to any zone on its diagonal, column, or row. If it lands on an opponent's zone, give control of this card to your opponent. If this card is still on the field after 4 turns since its summon, gain 5 moons.
Heaven's King		SS	9	Seraphim	0	0	Monster	This card's summon is Unrespondable. Cannot be destroyed by battle, and any overshoot damage involving this card is set to 0. If this card leaves the field due to an opponent's effect, discard 4 cards from your hand. Any "Heaven's Queen", "Heaven's Knight", "Heaven's Bishop", or "Heaven's Rook" on your side of the field gain 1000 ATK. Once per turn, this card can move 1 zone in any direction. If it lands on an opponent's zone, give control of this card to your opponent.
Bait Doll		S	4	Multi-Turn	N/A	N/A	Cantrip	Put one Bait Counter on any monster. Any monster that has an optional effect and a Bait Counter, when its effect is applicable, must use its effect and exhaust its Bait Counter. This card stays on the field until this effect is resolved. This card can be destroyed.
Red Rose Tint		S	4	Cantrip	N/A	N/A	Cantrip	Select 1 monster. This turn, if that monster does not attack, it is destroyed.
Insurance		A	0	Instant	N/A	N/A	Assist	Discard 1 card for every 5 moons of debt you are in, rounded up, and clear your tab.
Earthly Pawn		F	1	Earth	200	1000	Monster	If this card is destroyed, you may discard a card and tutor "Earthly Court". If this card is on the field after 4 turns since its summon, sacrifice this card and summon any one of "Earthly Knight", "Earthly Priest", "Earthly Turret", "Earthly Prince", or "Earthly Princess".
Earthly Knight		D	2	Earth	1200	1800	Monster	Give this card one Sin Counter for each monster it destroys. If this card is still on the field after 4 turns since its summon, and it has no Sin Counters, sacrifice it and summon "Heaven's Knight". If this monster is destroyed while it has at least 2 Sin Counters, summon "Hell's Knight" next turn. 
Earthly Priest		D	2	Earth	900	2000	Monster	Give this card one Sin Counter for each time it attacks. Give this card one Murder Counter for each monster it destroys. If this card is still on the field after 4 turns since its summon, and it has no Sin Counters, sacrifice it and summon "Heaven's Bishop". If this monster is destroyed while it has at least 3 Sin Counters or 1 Murder Counter, summon "Hell's Bishop" next turn. 
Earthly Turret		C	3	Earth	1500	2200	Monster	If this card is still on the field after 4 turns since its summon, sacrifice it and summon "Heaven's Rook". You can discard 2 cards; This card can remove from play itself and banish another monster on the field. If it is removed from play by this effect, summon "Hell's Rook".
Earthly Princess		B	5	Earth	2000	2600	Monster	If this card is still on the field after 4 turns since its summon, and it has no Sin Counters, sacrifice it and summon "Heaven's Queen". Once per turn, you can destroy 1 of your monsters and give this card 1 Sin Counter. If this card is destroyed while it has at least 3 Sin Counters, summon "Hell's Queen".
Earthly Prince		B	5	Earth	1800	2600	Monster	If this card is still on the field after 4 turns since its summon, and it has no Sin Counters, sacrifice it and summon "Heaven's King". Once per turn, you can destroy the monster on your field with the highest ATK or highest HP other than this card, and give this card a Sin Counter. If this card is destroyed while it has 3 Sin Counters, summon "Hell's King".
Earthly Court		C	3	Arena	N/A	N/A	Arena	All "Earthly" monsters gain 400 ATK. If they would be destroyed, you can pay 3 moons instead and reset their HP.
Magician of Gandorah		B	5	Magic	2400	3500	Monster	{ The strongest magician in all of Gandorah, his powers rival the Princess of the Earthly Court. }
Dragon of Gandorah		B	5	Seraphim	2200	3400	Monster	{ Its golden wings beat in the air as it flies across the clear sky. }
Princess Kris - Past Year		C	4	Magic/Deity	1600	2400	Monster	Once every other turn, this card gains a Past Counter. Once per turn, you can subtract 1 Past Counter from this card and flip a coin. If heads, select 1 monster; it loses 700 ATK. If tails, pay 1 moon. { A Time demigod in Training who wishes to one day follow her mother's footsteps into godhood. }
Rigamortis		B	2	Fire	2600	3500	Sacrifice	{ A flame manipulator who mastered his craft by working under the king of Hell. }
Exception		B	4	Instant	N/A	N/A	Assist	Select 1 monster. This turn, it cannot be attacked or targeted.
Faketrip		A	3	Cantrip	N/A	N/A	Cantrip	If a Cantrip is played, discard 1 card and negate it.
Reason - Furtherworld Kaiju		A	6	Deity/Kaiju	2600	4600	Monster	When this card is summoned, select 3 of your opponent's zones. Those zones are locked until this card leaves the field.
Thalia - Kaiju of the Crescent Moon		B	5	Magic/Kaiju	2200	3400	Monster	Once every other turn, gain 1 moon.
Kildren - Psychosis Kaiju		A	6	Magic/Kaiju	1800	3800	Monster	Once per turn, you can pay 5 moons to activate the following effect: "Select 1 monster from either graveyard. Summon a 0/0, 0-moon, Magic-Type "Psychosis" Token with the effect of the monster you chose. While this token remains on the field, another one cannot be summoned. You lose 1000LP each turn this token is on the field. You take no overshoot damage from this token. You can choose to sacrifice this token in the End Phase."
Zyorak - Alterworld Kaiju		A	6	Deity/Kaiju	2400	4600	Monster	Once every other turn, you can discard a card; unlock 1 of your zones and lock 1 of your opponent's zones.
Gandorah - Kaiju Ruler of Gandorah		A	6	Fire/Kaiju	2700	4000	Monster	Every other Kaiju monster on your side of the field gains 700 ATK.
Kaiju - Ayre		S	0	Fire/Kaiju	3300	5000	Fusion	(FM: 3 "Kaiju" Monsters, except "Eutherian - Kaiju Guardian", "Yoshino - Kaiju Theory", or "Akira - Ayre's Study Guide") Once per turn, you can discard 1 card to summon 1 Grade-C or below Kaiju monster from your hand.
Best Girl Ayre		S	0	Fire/Kaiju	1800	5800	Fusion	(FM: 3 "Kaiju" Monsters, including "Eutherian - Kaiju Guardian", "Yoshino - Kaiju Theory", or "Akira - Ayre's Study Guide") When this card is summoned, tutor 1 "Kaiju" card.  Once per turn after the turn this card was summoned, you can discard 2 cards and tutor 1 "Kaiju" card.
Term - Computation Kaiju		B	5	Tech/Kaiju	2200	3400	Monster	Once per turn, you can roll 1d6 and call it. If called right, this turn the player with less cards on the field can only play the leftmost card in their hand and cannot reorder their hand, and the player with more cards on the field can only play the rightmost card in their hand and cannot reorder their hand If both players have an equal number of cards on the field, both players can only play the leftmost card in their hand and cannot reorder their hand. If you have less cards on the field, any cards added to the hand are added to the rightmost side of the hand, else any cards added to the hand are added to the leftmost side of the hand.
Australis - Antarctic Kaiju		B	5	Ice/Kaiju	2100	3700	Monster	Once per turn, you may summon a Normal Kaiju monster from your hand and discard cards based on grade (F-C: 1, B-A: 2, S-X: 3)
Borealis - Arctic Kaiju		B	5	Ice/Kaiju	1900	3600	Monster	Once per turn, you can pay 7 moons to put a Northern Counter on a Kaiju monster. Any monster with a "Once per turn [, you can]" effect, while it has the Northern Counter, can treat the effect as "Twice per turn [, you can]". Any monster with a "Once every other turn [, you can]" effect, while it has the Northern Counter, can treat the effect as "Once per turn [, you can]". Any monster with a "Once every [X] turns [, you can]" effect, while it has the Northern Counter, can treat the effect as "Once every [(X/2) rounded up] turns [, you can]". All Northern Counters are destroyed when this card leaves the field.
Yoshino - Kaiju Theory		A	2	Deity/Kaiju	1400	4000	Sacrifice	Once per turn, you can activate one of these effects: "Discard 1 card. Choose 1 Kaiju Monster. Its effect enters this monster's queue. This effect is active until this card leaves the field. If a new monster is chosen by this effect while this monster's queue is filled, clear this monster's queue and the selected monster's effect enters this monster's queue.", "Pay 5 moons. Choose 1 Kaiju Monster. That monster's effect is now the effect in this monster's queue, and this monster's queue is cleared. If there was no effect, this effect does nothing. This effect is active until this card leaves the field.", "Discard 1 card. Choose 2 Kaiju Monsters. Their effects are switched. This effect is active until this card leaves the field."
Eutherian - Kaiju Guardian		C	4	Water/Kaiju	1600	3000	Monster	Once per turn, if a Kaiju monster would be destroyed, you can sacrifice this card instead. If this card is sent to the graveyard by this effect, you can revive it in 3 turns.
Eutherian Magic		B	2	Cantrip	N/A	N/A	Cantrip	If a Kaiju monster would be destroyed by card effect, you can discard 1 card instead. This card is always treated as a "Kaiju" card.
Akira - Ayre's Study Guide		C	4	Ice/Kaiju	1700	3400	Monster	When this card is summoned, place 1 Study Counter on this card. Once per turn, you can subtract 1 Study Counter to tutor 1 Kaiju monster, or pay 6 moons and place 1 Study Counter on this card.
Matilda - Newborn Kaiju		D	1	Demon/Kaiju	800	1400	Monster	{ "What do you mean Ayre's a father now?" }
Sytharax - Kaiju Hellborne		B	5	Demon/Kaiju	2500	3700	Monster	{ "I think Ayre will appreciate Syth doing the surrogate work once we tell her." }
Gabriel - Kaiju From Heaven		C	4	Seraphim/Kaiju	1600	2900	Monster	Once per turn, if your debt is positive, decrease it by 1.
Lattice - Architect Kaiju		C	5	Earth/Kaiju	1800	3100	Monster	Once per turn, you can pay 2 moons and unlock one of your zones.
Raiko - Kaiju of Sparks		D	1	Fire/Kaiju	600	1500	Monster	{ "You'll be big and strong one day, Raiko." }
Sylath - Slime Kaiju		F	1	Water/Kaiju	400	600	Monster	{ "Oh yea, that's Sytharax's ki- REASON STOP STEALING MY WALLET GET BACK HERE" }
Bausha Vortex		C	4	Instant	N/A	N/A	Assist	You and your opponent choose 4 of each other's zones. Those zones belong to the selector until the end of the turn, and if a filled zone is chosen, the card in that zone will move to one of its controller's zones. If there is no zone to move to, that card is destroyed. Any monster still on a selected zone at the end of the turn is destroyed.
Soundsystem, Breathe!		C	3	Cantrip	N/A	N/A	Cantrip	If an opponent destroys a monster via card effect, select 1 monster. That monster becomes 1000/1000.
A Bizarre Phantasm		B	4	Instant	N/A	N/A	Assist	Select 1 monster from either graveyard. Summon a 0/0, 0-moon, Magic-Type "Bizarre Phantasm" Token with the effect of the monster you chose. This token removes itself from play in the End Phase.
Zone Eater		C	5	Earth	1800	2500	Monster	Once per turn, you can give up this card's attack, pay 2 moons, and select a zone and lock it until this card leaves the field.
Series of Sinkholes		B	4	Trap	N/A	N/A	Trap	You and your opponent choose any 3 of your own zones. Destroy any card in any of those zones, and lock those zones for five turns.
Joe		F	0	Earth	100	200	Monster	{ Joe is just some guy. } (Wire 5) If this card is still on the field 16 turns after its summon, sacrifice this card and summon 1 monster from your deck, hand, or graveyard, ignoring summoning conditions. If necessary, unlock 1 zone for the purposes of summoning the monster.
Meg		F	0	Earth	200	400	Monster	{ Meg has friends. } (Wire 5) If this card is still on the field 24 turns after its summon, unlock all of your zones and summon as many Grade-B or lower monsters from your deck as possible, ignoring summoning conditions.
Bob		F	0	Earth	200	800	Monster	{ Bob’s workin’ on buying a tank someday. } (Wire 5) If this card is still on the field 30 turns after its summon, you win the game.
Ashley		F	0	Earth	100	1000	Monster	{ Ashley’s studying googology. } (Wire 5) If this card is still on the field 24 turns after its summon, sacrifice it and draw 11.
Balter, God of Flesh		A	6	Deity	2700	3600	Monster	(Wire 5) If you have "Joe", "Meg", "Bob", and "Ashley" on your side of the field, you may sacrifice them to win the game.
Solomon		B	5	Demon	2300	3300	Monster	{ Still the best, 1973. }
Sugoroku		B	5	Demon	3300	2300	Monster	{ Became the best, 1996. }
Remains of Mei-Juu		C	11	Instant	N/A	N/A	Assist	Gain 12 moons.
Kazeme's Blessing		C	0	Instant	N/A	N/A	Assist	Gain 1 moon.
Loan From The Bank		A	0	Instant	N/A	N/A	Assist	Discard as many cards as you want, and gain 2 moons for each card discarded.
Vampire's Haven		A	9	Arena	N/A	N/A	Arena	When this card is placed, gain 9 moons. Once per turn, you can pay 1200 LP to gain 2 moons.
Dark Balter's Cave		A	0	Arena	N/A	N/A	Arena	Once per turn, you can pay 1500 LP to gain 2 moons.
Toes Hoo Noes		C	5	Instant	N/A	N/A	Assist	Both players look at each other's hands.
Flamebound Wanderer		D	2	Fire	1000	1900	Monster	{ A flame manipulator who is learning his craft by working under the King of Hell. }
Ryuki		D	1	Demon	700	1400	Monster	{ A small fire monster that acts as Belphegor's pet. Belphegor loves him deeply. }
Ash Dragon		D	1	Fire/Earth	800	1200	Monster	{ A dragon created from the burning of humans thousands of years ago. }
Kalaider		D	2	Light	400	1800	Monster	{ A sentient tempered glass prism. }
The Heart		F	1	Earth	200	800	Monster	{ A magical being split into 6 parts. }
Critical Hit		D	1	Cantrip	N/A	N/A	Cantrip	Roll 1d20 and call it. If called right, select 1 monster. That monster's ATK is doubled.
Parameterization		D	2	Seraphim	1000	1800	Monster	{ He wants his 50 bucks. }
Fifty Bucks		D	1	Earth	500	1200	Monster	{ "If found, return to Parameterization via the Seraphim Hotline. Thank you!" }
Joint Repair Dome		D	2	Earth	0	2500	Monster	{ "Grandpa, you're supposed to put it on your knees! That way, your arthiritis will get better!" }
Eight Legged Menace		D	2	Fire	900	1700	Monster	{ A big softie with 7 legs. Belphegor takes care of her. }
White Hole		F	0	Trap	N/A	N/A	Trap	Roll 2d20. If both die land on 20, your opponent removes from play their hand and field.
Black Hole		F	0	Trap	N/A	N/A	Trap	Roll 2d20. If both die land on 20, your opponent removes from play their deck.
Trypo Coral		F	0	Water	100	500	Monster	{ "Daddy?" "Yes, dear?" "That thing is scary." "It's okay sweetie, just fly past it. Do you wanna go see mama instead?" "Yes! Yaaaaaay!" - Matilda and Ayre }
Phantasmic Stalker		F	1	Dark	400	600	Monster	{ "I used to be a cashier, you know." }
Wraith		F	1	Dark	300	1000	Monster	{ "You see that guy over there? He used to be a cashier. Imagine. I was a cart pusher, a much more dignified job than whatever he did." }
Crawler		F	0	Water	200	300	Monster	{ A hedgehog that crawls on the ocean floor. I don't think he breathes. }
Genetic Uranium		F	1	Water	600	900	Monster	{ A blob of uranium made sentient by the powers of a captive Actinide Dragon and irresponsible decisions from alchemists. }
Snail Crawler		F	0	Water	200	300	Monster	{ A crawler was infected with a rare disease found in infected Trypo Coral, causing it to produce copious amounts of slime and eventually become consumed by it, turning into a different creature. }
Armored Shrimp		F	0	Water	400	500	Monster	{ Another result of the rare Trypo Coral disease, making the shrimp's shell hyper-hard, similar to steel, and enlarging it such that the shrimp is able to move with its steel-like shell. }
Bird Caller		D	2	Air	900	1700	Monster	{ "Why is Gandorah's rent so high?" }
Alone		D	1	Earth	700	1000	Monster	{ "Bro, stop being emo. We know you just trolling. Come on, let's go play Mythos or something." "Alright, alright, you got me. Let me get my deck first." }
Gradian		D	2	Tech	1000	1600	Monster	{ An ancient spacecraft from back when humans attempted to visit Neptune. }
Actinide Dragon		A	6	Fire	2300	3600	Monster	When this card is summoned, roll 1d4. Both players pick half that many monsters on their side of the field rounded up and destroy them.
Elderdragon		A	7	Ice	2700	4000	Monster	{ A dragon that has lived for hundreds of thousands of years and shows no sign of dying. }
Zenith Dragon		S	0	Ice	2900	4000	Fusion	(FM; 2 "Dragon" monsters) When this card is summoned, both players select a monster on their side of the field. Those monsters are destroyed. All other "Dragon" monsters gain 600 ATK.
Breaker - The North		S	8	Ice	3300	5700	Monster	Once per turn, instead of attacking, this card can select 1 monster. That monster cannot attack or use effects next turn.
Radiance		SS	3	Seraphim	0	0	Sacrifice	Cannot be destroyed by battle, and you take no overshoot damage from battles involving this card. This card can be used as 3 sacrifices for a Sacrifice monster.
Truthseeker		SS	3	Seraphim	0	0	Sacrifice	If this card declares an attack, it attacks 4 times instead of once, but only damages the defending monster on the fourth attack. This card gains 300 ATK for each time it attacks. Cannot be destroyed by battle and you take no overshoot damage from battles involving this card.
Sakupen		S	8	Demon	3000	5600	Monster	{ A high-ranking demon monster in Belphegor's court. He is friends with both Belphegor and Rigamortis, and participated in the Demon Revolution. }
The One Who Sees All		S	7	Deity	0	0	Monster	Once per turn, during your opponent's Draw Phase, flip a coin. If heads, your opponent must reveal the card they drew. Cannot be destroyed by battle, and you take no overshoot damage from battles involving this card.
Spirit Of The Wicked Avatar		S	8	Deity	0	0	Monster	Cannot be destroyed by battle, and you take no overshoot damage from battles involving this card. Once every other turn, you can destroy 1 card on the field. If you do, you take overshoot damage from battles involving this card for 2 turns.
End of Time		A	4	Instant	N/A	N/A	Assist 	Destroy all monsters.
Flawless Wings of Yata-Garasu		A	4	Cantrip	N/A	N/A	Cantrip	If this card is activated in response to another card, negate and destroy that card. Else, you discard 1 card and your opponent discards 2.
Magnificent Eyes of Gyokuto		A	4	Cantrip	N/A	N/A	Cantrip	Select 3 cards in your opponent's hand and look at them.
Radiance of Amaterasu		A	4	Cantrip	N/A	N/A	Cantrip	Destroy 1 monster you control.
Pale Glow of Tsukuyomi		A	4	Cantrip	N/A	N/A	Cantrip	Destroy 1 monster your opponent controls.
Rick's Car		C	1	Instant	N/A	N/A	Assist	Tutor "Rick".
Rick 		B	5	Earth	2000	2300	Monster	{ Rick is Joe's friend. He has a profession in alchemy. }
Discount		B	0	Instant	N/A	N/A	Assist	Discard 1 card and choose 1 card that has a moon cost for its summon or activation; reduce that cost by 2.
Silver Bullet		A	4	Cantrip	N/A	N/A	Cantrip	(Wire 5) This card can be played during your opponent's response window. Draw 0 cards.
Butterfly Effect		C	1	Instant	N/A	N/A	Assist	Add 2 to a Butterfly Variable. Once per turn, you can subtract 1 from that variable to decrease a card's cost by 1.
Soul Consumer		SS	X	Seraphim	0	0	Sacrifice	When this card is summoned, pay 2 moons. Cannot be destroyed by battle, and you take no overshoot damage from battles involving this card. This card can be used as X sacrifices for a Sacrifice monster, where X is the number of monsters you sacrificed to summon this card.
Satan		SS	3	Demon/Deity	0	0	Sacrifice	{ (On call) "Yo, Satan, where the hell are you? You're supposed to be clocked in, man." "Says who?" "Hmmmmmmmm I dunno, the GOD OF THE END OF TIME, OUR BOSS!?" "Well yea but I'm like, taking walks and s-" "YOU'RE A GOD OF HELL SATAN" - Red and Satan, 2310 } Cannot be destroyed by battle, and takes no overshoot damage in battles involving this card. This card gains 10 counters when summoned. When this card is attacked, subtract 1 counter from this card. When this card has 0 counters, sacrifice it. Twice per turn, you can pay 3 moons to add 1 counter to this card. This card can be used as any number of sacrifices for the summon of a Demon monster.
Beelzebub		SS	3	Demon/Deity	2700	6000	Sacrifice	{ "hey belzie..." "Hey Azzy, you doin' good? How was your date?" "it was good, but god it was tiring...odia's a very energetic girl..." "Ha, I can believe it. There's some chocolate in the fridge if you needed it." "thanks belzie..." - Asmodeus and Beelzebub, 2311 } Once per turn, you can discard 1 card and choose 1 effect: "Add 1 Counter of any type to any Demon monster you control, or any monster named "Red, God of Wrath", "Alkali, God of Gluttony", "Avarice, God of Greed", "Odia, God of Envy", "Atrifus, God of Sloth", "Consupi, God of Lust", or "Haught, God of Pride".", "Add 1000HP to any Demon Monster."
Mammon		SS	4	Demon/Deity	10000	100	Sacrifice	{ "Mammon why are you eating chocolate on the job?" "mmmmmmmm cause i like it?" "I swear to god, I can't stand you..." - Red and Mammon, 2309 } This card is destroyed in the End Phase. You take no overshoot damage involving this card. This card cannot be destroyed by battle. This card's summon is Unrespondable.
Leviathan		SS	3	Demon/Deity	3000	6000	Sacrifice	{ "Levia, girl, confess to him already! You know you like him!" "Well yea but I'm quite shy...I'll give it another hundred ye-" "It's been 500 years girl, go kiss and make out with that man!" "But he's scary..." "He got you your favorite coffee Levia, he ain't gonna hurt you." - Odia and Leviathan, 2180 } Once per turn, you can discard a card. If you do, this turn other Demon monsters cannot be destroyed by battle, and if their HP hits 0, it is reset.
Belphegor		SS	3	Demon/Deity	3400	6200	Sacrifice	{ "GAHHH LOOK AT RYUKI LOOK AT HIM ISNT HE SO CUTE :33333" "...uh, yea...belphi you good" - Belphegor and Atrifus, 1973 } All other Demon Monsters gain 600 ATK. If a Grade-D or below Demon or Fire Monster is destroyed by your opponent, this card can attack twice this turn.
Asmodeus		SS	3	Demon/Deity	3100	6200	Sacrifice	{ "Azzy girl, why are you messing with the flowers?" "they ain't look like they belong to anyone" "Those are the flowers I got for Levia for her date! Stop pluckin' em and hand em over!" - Odia and Asmodeus, 2310 } Once per turn, you can sacrifice any amount of Demon or Fire monsters and destroy an equal amount of monsters on the field.
Lucifer		SS	3	Demon/Deity	2700	6400	Sacrifice	{ "Lucifer why did you get me this coffee?" "I thought it would help you be more efficient at work." "Lucifer this is a Mochi Cookie Crumble Frappuchino with 180g of sugar, you know this isn't gonna help me...unless-" "NO I DIDN'T GET IT FOR YOU BECAUSE I KNEW YOU LIKED IT OKAY" - Leviathan and Lucifer, 2180 } Once per turn, you can pay 5 moons and choose 1 Demon monster. This turn, that monster gains 700 ATK and this effect: "If this card would be destroyed, you can discard 1 card instead and reset this card's HP."
Verdant Landscape		C						
Verdianescense		C						
Society		C						
Thinking Space		C						
Transfinite Void		C						
Open Window		C						
Magic of The North		C						
Oxygen Shotgun		C						
Wistful		C						
Thermonuclear Ballistic Missile		C						
Ditched Machine		C						
Muted Machine		C						
Chronology		D						
Pressure		D						
Variable Corruption		D						
Return From The Grade		D						
DEXO		D						
Fuming		D						
Solferis		D						
Death Wish		D						
Acropolis of Miracalis		B						
Low		B						
Gate To Hell		B						
Roentgenium		B						
Lobotomy		B						
Heliopolis		B						
Collection of Blood		A						
Death Corridor		A						
Haunted Corridor		A						
Conical Corridor		A						
Magician's Rose		S						
Total Darkness		S						
Kowa Dimension		S						
Green Bullet		A						
Sixfold Pain		SS						
Agoraphobia		SS						
Penumbral		SS						
Beginning of Summer		F						
Dual Processing		F						
Indentured Service		F	0	Instant	N/A	N/A	Assist	Set your tab to 20.
Baby Dragon's Breath		F						
Exposed Lung		F						
Ordinal		F						
The Neverworld		F						
Mathematical Impossibility		F	0	Cantrip	N/A	N/A	Cantrip	Roll 11d20. If all dice land on 20, your opponent must remove from play all cards on their field, their deck, their hand, their banished cards, and their graveyard, lock all of their zones, and set their LP to 100.
Kingdom of Miracalis		S						
Theory of Nothing		S						
Theory of Everything		S						
Asphodel		A						
The Third Variant		A						
Of Your Own Volition		S						
Integral		S						
Queue Error		S						
Arcturus		S						
End of Summer		SS						